{"cameraMode":{"drawMode":0,"name":"Shaded","section":"Shading Mode"},"sceneLighting":true,"audioPlay":false,"sceneViewState":{"m_AlwaysRefresh":false,"showFog":true,"showSkybox":true,"showFlares":true,"showImageEffects":true,"showParticleSystems":true,"showVisualEffectGraphs":true,"m_FxEnabled":true},"in2DMode":false,"pivot":{"x":0.1313190460205078,"y":0.6457986831665039,"z":1.7143067121505738},"rotation":{"x":-0.17446203529834748,"y":0.7269013524055481,"z":-0.20024463534355164,"w":-0.6333087682723999},"size":16.62335777282715,"orthographic":false}