{"cameraMode":{"drawMode":0,"name":"Shaded","section":"Shading Mode"},"sceneLighting":true,"audioPlay":false,"sceneViewState":{"m_AlwaysRefresh":false,"showFog":true,"showSkybox":true,"showFlares":true,"showImageEffects":true,"showParticleSystems":true,"showVisualEffectGraphs":true,"m_FxEnabled":true},"in2DMode":false,"pivot":{"x":63.98297882080078,"y":7.626293182373047,"z":-1.5312309265136719},"rotation":{"x":0.18446461856365205,"y":0.49338120222091677,"z":-0.11003138870000839,"w":0.8437355160713196},"size":49.264808654785159,"orthographic":false}